column,missing_count,missing_percentage
workclass,2809,5.751197739650301
fnlwgt,2799,5.7307235575938735
native_country,857,1.7546374022357807
