class,count,percentage
<=50K,37155,76.07182343065395
>50K,11687,23.928176569346054
